name,address,age
Anna Müller,"Musterstraße 12, 65183 Wiesbaden, Germany",34
Peter Schmidt,"Bahnhofstraße 8, 60311 Frankfurt am Main, Germany",41
Laura Fischer,"Hauptstraße 25, 55116 Mainz, Germany",29
Michael Weber,"Rheinallee 77, 56068 Koblenz, Germany",52
Sophie Wagner,"Lindenweg 3, 64283 Darmstadt, Germany",24
Thomas Becker,"Kirchplatz 14, 55130 Mainz, Germany",38
Julia Hoffmann,"Goethestraße 19, 65185 Wiesbaden, Germany",31
Daniel Klein,"Berliner Straße 41, 60314 Frankfurt am Main, Germany",45
Emily Schneider,"Parkweg 6, 55120 Mainz, Germany",27
Martin Wolf,"Allee 11, 65195 Wiesbaden, Germany",50
Lisa Braun,"Am Markt 9, 65719 Hofheim am Taunus, Germany",22
Andreas Koch,"Rosenstraße 18, 63450 Hanau, Germany",36
Nina Richter,"Hafenweg 5, 55122 Mainz, Germany",28
Oliver Krüger,"Sonnenstraße 27, 60318 Frankfurt am Main, Germany",39
Marie Zimmermann,"Bergstraße 4, 65191 Wiesbaden, Germany",33
Christian Hartmann,"Waldweg 16, 55127 Mainz, Germany",47
Paula Schulz,"Dorfstraße 30, 65201 Wiesbaden, Germany",26
Sebastian König,"Mühlenweg 2, 60322 Frankfurt am Main, Germany",54
Hannah Lehmann,"Friedrichstraße 10, 55118 Mainz, Germany",30
Felix Schröder,"Ringstraße 21, 65189 Wiesbaden, Germany",42
Clara Neumann,"Elisabethenstraße 7, 63065 Offenbach am Main, Germany",25
Johannes Bauer,"Am Bach 13, 55129 Mainz, Germany",37
Mia Werner,"Talstraße 44, 65197 Wiesbaden, Germany",23
Jan Fuchs,"Kirchweg 15, 60385 Frankfurt am Main, Germany",48
Leonie Vogt,"In den Gärten 8, 55252 Mainz-Kastel, Germany",32
Tobias Jäger,"Ahornweg 20, 65187 Wiesbaden, Germany",40
Ella Peters,"Gartenstraße 1, 60327 Frankfurt am Main, Germany",21
Niklas Lang,"Brunnenstraße 17, 55131 Mainz, Germany",44
Zoe Böhm,"Schillerstraße 23, 65193 Wiesbaden, Germany",19
Maximilian Brandt,"Wiesenweg 9, 63071 Offenbach am Main, Germany",53
Alina Schuster,"Holzweg 12, 55126 Mainz, Germany",35
Jonas Keller,"Marktstraße 28, 65199 Wiesbaden, Germany",46
Emilia Frank,"Steinweg 6, 60320 Frankfurt am Main, Germany",20
Philipp Lorenz,"Kastanienweg 14, 55128 Mainz, Germany",49
Lena Buss,"Gartenweg 3, 65189 Wiesbaden, Germany",27
Moritz Arnold,"Neue Straße 24, 60316 Frankfurt am Main, Germany",43
Katharina Seidel,"Am Stadion 18, 55124 Mainz, Germany",55
Erik Sommer,"Uferweg 10, 65191 Wiesbaden, Germany",31
Franziska Dietrich,"Mittelweg 7, 60314 Frankfurt am Main, Germany",26
David Huber,"Eichhornstraße 5, 55122 Mainz, Germany",58
Sarah Jansen,"Bachstraße 15, 65197 Wiesbaden, Germany",29
Lukas Reuter,"Morgenweg 11, 60318 Frankfurt am Main, Germany",34
Isabel Sturm,"Klosterweg 19, 55130 Mainz, Germany",22
Tim Peters,"Feldstraße 2, 65183 Wiesbaden, Germany",51
Rebecca Otto,"Riedweg 26, 60325 Frankfurt am Main, Germany",24
Kevin Hofmann,"Im Wiesengrund 8, 55118 Mainz, Germany",36
Mara Günther,"Schloßstraße 13, 65185 Wiesbaden, Germany",33
Paul Simon,"Lerchenweg 4, 60329 Frankfurt am Main, Germany",41
Carla Winter,"Auf der Höhe 29, 55120 Mainz, Germany",28
Simon Brand,"Eichenweg 16, 65195 Wiesbaden, Germany",47